USE_Twb,MIN_GPS_MEASUREMENTS_FOR_ALIGNMENT,gps_noise_std,MAX_GPS_MEASUREMENTS,Tiempo total de ejecución,RMSE posición,ATE,RMSE velocidad,RMSE rotación,Distancia recorrida,Transformación rígida (flattened)
False,1,0.1000000,100,33.5877910,0.0252774,0.0407019,0.0525009,1.9456138,22.3770339,"[1.0000000, 0.0000000, 0.0000000, 0.0000000, 0.0000000, 1.0000000, 0.0000000, 0.0000000, 0.0000000, 0.0000000, 1.0000000, 0.0000000, 0.0000000, 0.0000000, 0.0000000, 1.0000000]"
True,1,0.1000000,100,56.6516433,0.0231925,0.0367901,0.0616018,1.9456111,22.3770339,"[0.9998410, -0.0107516, -0.0142381, 0.0026885, 0.0098522, 0.9980385, -0.0618564, 0.0018470, 0.0148745, 0.0617065, 0.9979856, -0.0060160, 0.0000000, 0.0000000, 0.0000000, 1.0000000]"
True,5,0.1000000,100,71.0360692,0.0230099,0.0368601,0.0625514,1.9456107,22.3770339,"[0.9998808, -0.0091991, -0.0124084, 0.0036974, 0.0084985, 0.9984279, -0.0554270, 0.0012536, 0.0128984, 0.0553151, 0.9983870, -0.0082693, 0.0000000, 0.0000000, 0.0000000, 1.0000000]"
True,10,0.1000000,100,56.8164351,0.0240094,0.0381760,0.0621732,1.9456109,22.3770339,"[0.9998720, -0.0089823, -0.0132470, 0.0062406, 0.0082390, 0.9984439, -0.0551769, 0.0014912, 0.0137216, 0.0550608, 0.9983900, -0.0109961, 0.0000000, 0.0000000, 0.0000000, 1.0000000]"
True,20,0.1000000,100,51.6110029,0.0223094,0.0355284,0.0625514,1.9456107,22.3770339,"[0.9998773, -0.0089787, -0.0128392, 0.0068539, 0.0082636, 0.9984669, -0.0547542, 0.0009628, 0.0133108, 0.0546415, 0.9984186, -0.0130219, 0.0000000, 0.0000000, 0.0000000, 1.0000000]"
True,50,0.1000000,100,47.5395210,0.0211246,0.0330683,0.0623625,1.9456108,22.3770339,"[0.9998723, -0.0077818, -0.0139637, 0.0074212, 0.0070688, 0.9987032, -0.0504358, 0.0027847, 0.0143379, 0.0503307, 0.9986306, -0.0287131, 0.0000000, 0.0000000, 0.0000000, 1.0000000]"
